id;uid;password;first_name;last_name;username;email;avatar;gender;phone_number;social_insurance_number;date_of_birth;employment;address;credit_card;subscription
8188;4d6d3c25-9291-4b1d-b4ab-7248283e0c17;3xImrsN04p;Rudy;Lebsack;rudy.lebsack;rudy.lebsack@email.com;https://robohash.org/quicommodiexercitationem.png?size=300x300&set=set1;Female;+51 175.850.3472;939995452;1989-03-12;{'title': 'Administration Coordinator', 'key_skill': 'Teamwork'};{'city': 'West Raymondland', 'street_name': 'Temeka Place', 'street_address': '997 Rath Run', 'zip_code': '29197-6233', 'state': 'Georgia', 'country': 'United States', 'coordinates': {'lat': -81.19351275213332, 'lng': 9.68452095046257}};{'cc_number': '4565-4702-7962-3957'};{'plan': 'Professional', 'status': 'Pending', 'payment_method': 'Credit card', 'term': 'Full subscription'}
4152;e48d3635-fa7e-4732-9568-9402abfbd863;a90D1CKAle;Cleotilde;Auer;cleotilde.auer;cleotilde.auer@email.com;https://robohash.org/abmaximealiquid.png?size=300x300&set=set1;Non-binary;+46 1-750-492-1848 x399;652411695;1977-01-21;{'title': 'Senior Assistant', 'key_skill': 'Proactive'};{'city': 'Basilberg', 'street_name': 'Bella Heights', 'street_address': '636 Keren Villages', 'zip_code': '85485-7324', 'state': 'Louisiana', 'country': 'United States', 'coordinates': {'lat': -32.076393495887835, 'lng': 103.24195452381178}};{'cc_number': '4298067713277'};{'plan': 'Standard', 'status': 'Pending', 'payment_method': 'Apple Pay', 'term': 'Full subscription'}
4305;08d02595-ff86-4fe5-b9a6-3d12878e0b2b;TY7fnElLOc;Karry;Hahn;karry.hahn;karry.hahn@email.com;https://robohash.org/quisquamautempossimus.png?size=300x300&set=set1;Male;+690 163-581-6729 x321;481225480;1992-03-09;{'title': 'Design Technician', 'key_skill': 'Self-motivated'};{'city': 'Lake Myrtis', 'street_name': 'Lavon Hill', 'street_address': '814 Freddy Mill', 'zip_code': '47204-4400', 'state': 'New Hampshire', 'country': 'United States', 'coordinates': {'lat': -46.49712020228826, 'lng': 54.15811072495421}};{'cc_number': '4145736405969'};{'plan': 'Silver', 'status': 'Pending', 'payment_method': 'Debit card', 'term': 'Annual'}
2048;f1ccad91-a8af-4052-b16a-7cfdf86b1f34;QruKInf5Rh;Lonnie;Feest;lonnie.feest;lonnie.feest@email.com;https://robohash.org/sitvoluptatemea.png?size=300x300&set=set1;Genderqueer;+682 1-110-555-3139 x859;996699930;1980-03-30;{'title': 'Global Specialist', 'key_skill': 'Teamwork'};{'city': 'East Britthaven', 'street_name': 'Wolf Curve', 'street_address': '8835 Graham Ferry', 'zip_code': '08794-2686', 'state': 'Maryland', 'country': 'United States', 'coordinates': {'lat': 52.35318293505003, 'lng': 140.1538317515758}};{'cc_number': '6771-8980-2991-6997'};{'plan': 'Diamond', 'status': 'Pending', 'payment_method': 'WeChat Pay', 'term': 'Monthly'}
5927;7542016f-8170-4a11-a6e0-260f5ffd3660;36boKRS20g;Gavin;Dicki;gavin.dicki;gavin.dicki@email.com;https://robohash.org/solutamolestiaemaiores.png?size=300x300&set=set1;Genderfluid;+1-649 (755) 620-6588 x5556;641262134;1974-04-09;{'title': 'Government Developer', 'key_skill': 'Organisation'};{'city': 'South Conchaland', 'street_name': 'Rowe Islands', 'street_address': '38580 Carmelita Plains', 'zip_code': '14196', 'state': 'North Dakota', 'country': 'United States', 'coordinates': {'lat': -13.168490029891899, 'lng': 120.09711146872144}};{'cc_number': '5297-6300-7630-0057'};{'plan': 'Platinum', 'status': 'Active', 'payment_method': 'Bitcoins', 'term': 'Annual'}
2491;367cbf70-9bc4-4e4f-8033-d3319e7160d5;aEoxwZRWyV;Faustino;Zboncak;faustino.zboncak;faustino.zboncak@email.com;https://robohash.org/quisdelenitiiure.png?size=300x300&set=set1;Bigender;+507 (287) 962-2534 x63730;258569532;1963-07-23;{'title': 'Marketing Associate', 'key_skill': 'Networking skills'};{'city': 'North Nella', 'street_name': 'Cesar Ranch', 'street_address': '445 Hermiston Keys', 'zip_code': '11655', 'state': 'Illinois', 'country': 'United States', 'coordinates': {'lat': -53.16942757348939, 'lng': -57.71286743541344}};{'cc_number': '6771-8991-6723-7386'};{'plan': 'Premium', 'status': 'Blocked', 'payment_method': 'Paypal', 'term': 'Full subscription'}
6923;0ce26a30-935f-4148-b4e7-d0d3bf29179e;XiDrzKw58A;Harry;Hermiston;harry.hermiston;harry.hermiston@email.com;https://robohash.org/eumdignissimoseius.png?size=300x300&set=set1;Non-binary;+971 416-918-8168 x6513;516269578;1970-11-10;{'title': 'Customer Community-Services Strategist', 'key_skill': 'Technical savvy'};{'city': 'Lylemouth', 'street_name': 'Melodie Manors', 'street_address': '693 Velva Forges', 'zip_code': '35638', 'state': 'Montana', 'country': 'United States', 'coordinates': {'lat': -17.839546038353433, 'lng': 125.36817618198535}};{'cc_number': '6771-8989-5115-0680'};{'plan': 'Platinum', 'status': 'Active', 'payment_method': 'Visa checkout', 'term': 'Full subscription'}
5549;e2d86ccb-2780-453a-931b-bc83add83f55;ra9HOZAs6n;Astrid;Fay;astrid.fay;astrid.fay@email.com;https://robohash.org/quoscorruptidolorem.png?size=300x300&set=set1;Polygender;+673 954.416.0689;913908901;1967-07-08;{'title': 'Human Administration Producer', 'key_skill': 'Communication'};{'city': 'Port Cris', 'street_name': 'Weissnat Mountain', 'street_address': '7306 Reichel Pike', 'zip_code': '68781', 'state': 'North Carolina', 'country': 'United States', 'coordinates': {'lat': 55.17381803004932, 'lng': -39.6339479122023}};{'cc_number': '6771-8950-7564-2519'};{'plan': 'Diamond', 'status': 'Idle', 'payment_method': 'Paypal', 'term': 'Full subscription'}
1310;8ccf446f-d8e2-4033-b5d5-0c9e9a1a6398;nmIQfGcszx;Ernestina;Williamson;ernestina.williamson;ernestina.williamson@email.com;https://robohash.org/ideaet.png?size=300x300&set=set1;Female;+596 805-003-2461 x3977;243474517;1966-08-11;{'title': 'Marketing Executive', 'key_skill': 'Fast learner'};{'city': 'Trantowchester', 'street_name': 'Leuschke Ford', 'street_address': '260 Millicent Brooks', 'zip_code': '11193-0097', 'state': 'Arkansas', 'country': 'United States', 'coordinates': {'lat': -75.73038672186975, 'lng': 129.81380465204086}};{'cc_number': '4555878123917'};{'plan': 'Diamond', 'status': 'Pending', 'payment_method': 'Paypal', 'term': 'Annual'}
9089;432b5d7f-daf6-4b36-bcc0-ef91b346fed9;FsdmriUp7S;Leopoldo;Turcotte;leopoldo.turcotte;leopoldo.turcotte@email.com;https://robohash.org/repudiandaevoluptatererum.png?size=300x300&set=set1;Male;+389 (537) 878-1757 x48041;129294732;1975-03-08;{'title': 'National Architect', 'key_skill': 'Problem solving'};{'city': 'Whitneyberg', 'street_name': 'Flatley Ford', 'street_address': '749 Rice Ferry', 'zip_code': '97170-6621', 'state': 'Montana', 'country': 'United States', 'coordinates': {'lat': 69.45414150052386, 'lng': -156.21245597240662}};{'cc_number': '6771-8981-3747-5639'};{'plan': 'Starter', 'status': 'Idle', 'payment_method': 'Alipay', 'term': 'Payment in advance'}
1768;fd0feaba-8109-44d8-8774-9c0a77e1aafe;lhx3NecTkF;Alisa;Legros;alisa.legros;alisa.legros@email.com;https://robohash.org/intotamaccusamus.png?size=300x300&set=set1;Polygender;+354 400-029-2773 x10164;207540832;2000-05-31;{'title': 'Chief Agent', 'key_skill': 'Teamwork'};{'city': 'Hilpertview', 'street_name': 'Zola Drive', 'street_address': '414 Antwan Station', 'zip_code': '82164', 'state': 'Iowa', 'country': 'United States', 'coordinates': {'lat': 87.45017053614674, 'lng': -170.4287632025834}};{'cc_number': '6771-8918-2261-0461'};{'plan': 'Free Trial', 'status': 'Blocked', 'payment_method': 'Apple Pay', 'term': 'Monthly'}
459;c750e70d-ff90-4209-a96b-291954e0c9c9;YelkaSw3Iz;Vinnie;Schinner;vinnie.schinner;vinnie.schinner@email.com;https://robohash.org/quibusdamdoloremadipisci.png?size=300x300&set=set1;Bigender;+506 367-425-4572 x16318;730469707;1986-10-20;{'title': 'Farming Officer', 'key_skill': 'Work under pressure'};{'city': 'South Yaekostad', 'street_name': 'Adan Highway', 'street_address': '63353 Isaac Ramp', 'zip_code': '55162', 'state': 'North Dakota', 'country': 'United States', 'coordinates': {'lat': 44.29228584534712, 'lng': 73.64647323128102}};{'cc_number': '6771-8988-2465-5949'};{'plan': 'Business', 'status': 'Active', 'payment_method': 'Money transfer', 'term': 'Annual'}
1015;965bc34a-a776-4b89-9b90-6ed2f8210c22;xfhD457VPQ;Joel;Rodriguez;joel.rodriguez;joel.rodriguez@email.com;https://robohash.org/atqueiurenobis.png?size=300x300&set=set1;Bigender;+381 274-213-4982 x1289;590222188;1984-03-09;{'title': 'District Accounting Engineer', 'key_skill': 'Proactive'};{'city': 'Winstonbury', 'street_name': 'Robbie Trafficway', 'street_address': '9962 Schaefer Harbor', 'zip_code': '10506', 'state': 'Florida', 'country': 'United States', 'coordinates': {'lat': -34.65857746716074, 'lng': 158.22903892715385}};{'cc_number': '5129-3811-1296-4886'};{'plan': 'Diamond', 'status': 'Idle', 'payment_method': 'Credit card', 'term': 'Monthly'}
4276;2e54a8f6-e228-4cdf-8b9f-e683eeacb735;bsptOxLuvo;Quinn;Schaden;quinn.schaden;quinn.schaden@email.com;https://robohash.org/etsuntvero.png?size=300x300&set=set1;Male;+51 1-797-120-5611 x711;151482601;1994-08-22;{'title': 'Regional Facilitator', 'key_skill': 'Work under pressure'};{'city': 'Lake Elverafurt', 'street_name': 'Gerardo Run', 'street_address': '9645 Kuhn Extensions', 'zip_code': '50233-9597', 'state': 'Minnesota', 'country': 'United States', 'coordinates': {'lat': -3.9359874843396625, 'lng': 45.57101244427756}};{'cc_number': '4306-8748-4414-8347'};{'plan': 'Student', 'status': 'Idle', 'payment_method': 'Cheque', 'term': 'Full subscription'}
4519;5f6cb804-12eb-42c5-8392-553791d664d8;trEC0vpQs6;Ken;Welch;ken.welch;ken.welch@email.com;https://robohash.org/iustominimaquam.png?size=300x300&set=set1;Male;+973 566.366.3913 x0365;298441478;1985-03-23;{'title': 'Product Administration Designer', 'key_skill': 'Leadership'};{'city': 'Rolfsonland', 'street_name': 'Aurelio Lakes', 'street_address': '582 Hansen Camp', 'zip_code': '15042', 'state': 'Colorado', 'country': 'United States', 'coordinates': {'lat': -89.73464384725992, 'lng': 19.69526111982364}};{'cc_number': '4319-7864-4226-6823'};{'plan': 'Starter', 'status': 'Pending', 'payment_method': 'Debit card', 'term': 'Monthly'}
9794;b980d831-dfcf-4f78-963b-33fc6763a377;BXtKVLEjkx;Lakeesha;Gibson;lakeesha.gibson;lakeesha.gibson@email.com;https://robohash.org/aspernatursuntlaborum.png?size=300x300&set=set1;Genderfluid;+212 721.959.1212 x3345;538528803;1972-08-28;{'title': 'National Banking Architect', 'key_skill': 'Self-motivated'};{'city': 'Derickburgh', 'street_name': 'Rodolfo Row', 'street_address': '350 Brain Ranch', 'zip_code': '83715', 'state': 'Oklahoma', 'country': 'United States', 'coordinates': {'lat': 83.06291482816596, 'lng': 175.9622468891646}};{'cc_number': '4473-3163-5015-4415'};{'plan': 'Standard', 'status': 'Idle', 'payment_method': 'Cash', 'term': 'Annual'}
1326;15e07a8a-f0b7-429c-adba-01799cdec071;XpWH4OnCUd;Ariane;Doyle;ariane.doyle;ariane.doyle@email.com;https://robohash.org/voluptatererumquia.png?size=300x300&set=set1;Genderqueer;+371 1-786-273-1885 x1012;418179891;1995-12-25;{'title': 'Dynamic Representative', 'key_skill': 'Leadership'};{'city': 'Faheychester', 'street_name': 'Ron Square', 'street_address': '258 Edison Prairie', 'zip_code': '18934-7891', 'state': 'Oklahoma', 'country': 'United States', 'coordinates': {'lat': 3.1085337246330482, 'lng': 2.1100529531478287}};{'cc_number': '4527-3902-0592-5580'};{'plan': 'Student', 'status': 'Active', 'payment_method': 'Alipay', 'term': 'Annual'}
2508;55995211-8e64-42b4-95b5-6649dd0e53f9;sPZ21uv4qQ;Lindsy;Kassulke;lindsy.kassulke;lindsy.kassulke@email.com;https://robohash.org/rerumsitreiciendis.png?size=300x300&set=set1;Male;+218 823.597.6899;152371761;1997-04-11;{'title': 'Internal Real-Estate Administrator', 'key_skill': 'Leadership'};{'city': 'Lanellside', 'street_name': 'Hettinger Radial', 'street_address': '7899 Micah Knolls', 'zip_code': '19797-5460', 'state': 'Alaska', 'country': 'United States', 'coordinates': {'lat': -50.41570629887892, 'lng': -115.9993401059181}};{'cc_number': '6771-8955-8503-7168'};{'plan': 'Diamond', 'status': 'Pending', 'payment_method': 'Bitcoins', 'term': 'Monthly'}
1463;957f7ec4-a69e-49b4-886f-a43ea33e5b4e;8IYk5jnoKA;Ben;Collier;ben.collier;ben.collier@email.com;https://robohash.org/autsitut.png?size=300x300&set=set1;Genderfluid;+51 (883) 389-8678;515322659;1978-02-14;{'title': 'Administration Designer', 'key_skill': 'Technical savvy'};{'city': 'Schaeferburgh', 'street_name': 'Quitzon Lock', 'street_address': '46116 Kacey Ports', 'zip_code': '44584', 'state': 'Texas', 'country': 'United States', 'coordinates': {'lat': 41.56312113151577, 'lng': 168.3624434137904}};{'cc_number': '4709-4738-9949-0481'};{'plan': 'Gold', 'status': 'Pending', 'payment_method': 'Google Pay', 'term': 'Monthly'}
5378;2b7802bb-858e-478a-a201-6a5b48826b6b;9LKDGebjyp;Moshe;Adams;moshe.adams;moshe.adams@email.com;https://robohash.org/utsuscipitaperiam.png?size=300x300&set=set1;Agender;+233 145-852-5925;461830267;1987-11-15;{'title': 'Retail Orchestrator', 'key_skill': 'Networking skills'};{'city': 'Kautzertown', 'street_name': 'Minta Square', 'street_address': '7233 Rodriguez Ports', 'zip_code': '19208-5508', 'state': 'Tennessee', 'country': 'United States', 'coordinates': {'lat': -70.2024313429974, 'lng': -162.68653773631203}};{'cc_number': '5568-7182-5429-7716'};{'plan': 'Diamond', 'status': 'Idle', 'payment_method': 'Google Pay', 'term': 'Full subscription'}
3308;a06fb21f-a159-432d-a81c-2d65ef78f1fd;OntMCTySq3;Nedra;Renner;nedra.renner;nedra.renner@email.com;https://robohash.org/commodifaceremagnam.png?size=300x300&set=set1;Male;+501 912-331-0068 x8371;244670329;1967-03-28;{'title': 'Healthcare Producer', 'key_skill': 'Confidence'};{'city': 'New Wyattberg', 'street_name': 'Hessel Plains', 'street_address': '310 Stacey Springs', 'zip_code': '76534', 'state': 'Arizona', 'country': 'United States', 'coordinates': {'lat': 7.716372615875045, 'lng': -84.01489361107885}};{'cc_number': '4363671776860'};{'plan': 'Silver', 'status': 'Pending', 'payment_method': 'Money transfer', 'term': 'Payment in advance'}
5942;6a4eb0b4-5011-4a56-8703-84a9462281ec;ntSZQ6wT4B;Josiah;Upton;josiah.upton;josiah.upton@email.com;https://robohash.org/aliasatqueporro.png?size=300x300&set=set1;Non-binary;+1-876 386.676.3202 x773;427251996;1996-08-14;{'title': 'Retail Consultant', 'key_skill': 'Work under pressure'};{'city': 'North Donniemouth', 'street_name': 'Haag Light', 'street_address': '35972 Hintz Center', 'zip_code': '94812', 'state': 'Wyoming', 'country': 'United States', 'coordinates': {'lat': 74.25729771242484, 'lng': 159.81698412491164}};{'cc_number': '5431-1506-9836-8496'};{'plan': 'Platinum', 'status': 'Pending', 'payment_method': 'Credit card', 'term': 'Annual'}
2270;f2059aa4-7613-4d2d-ae1e-e63d9b883b9b;etq6XdA543;Yasuko;Green;yasuko.green;yasuko.green@email.com;https://robohash.org/omniscorruptimolestiae.png?size=300x300&set=set1;Female;+687 1-699-928-1027;756404281;1990-11-07;{'title': 'Community-Services Orchestrator', 'key_skill': 'Leadership'};{'city': 'Nicoletteton', 'street_name': 'Shanahan Terrace', 'street_address': '417 Wisoky Keys', 'zip_code': '34352', 'state': 'Idaho', 'country': 'United States', 'coordinates': {'lat': -52.96026170547332, 'lng': 126.97924643918952}};{'cc_number': '4308-2169-1183-8590'};{'plan': 'Standard', 'status': 'Pending', 'payment_method': 'Credit card', 'term': 'Payment in advance'}
557;a745ff82-5668-4572-93d0-5b53aa51a981;YjLAWrxQ7z;Joey;Bogan;joey.bogan;joey.bogan@email.com;https://robohash.org/dignissimostemporibustempora.png?size=300x300&set=set1;Genderqueer;+381 901.779.0016;740584214;1997-04-16;{'title': 'Future Officer', 'key_skill': 'Confidence'};{'city': 'Donnyfurt', 'street_name': 'Glover Locks', 'street_address': '27530 Nicholas Burgs', 'zip_code': '83794-3606', 'state': 'Wyoming', 'country': 'United States', 'coordinates': {'lat': -13.585999471198932, 'lng': -20.968323663110112}};{'cc_number': '4670-1532-5243-6652'};{'plan': 'Premium', 'status': 'Idle', 'payment_method': 'Visa checkout', 'term': 'Annual'}
2563;e5c093eb-b3ff-403b-bd53-ef248797f4b1;Drtb7mqNZG;Mellie;Schumm;mellie.schumm;mellie.schumm@email.com;https://robohash.org/quaeratnostrumcupiditate.png?size=300x300&set=set1;Agender;+33 747-346-8112;518727805;1996-02-28;{'title': 'Central Accounting Producer', 'key_skill': 'Technical savvy'};{'city': 'South Juanabury', 'street_name': 'Maggio Meadows', 'street_address': '3544 Helga Vista', 'zip_code': '86460-5223', 'state': 'New Mexico', 'country': 'United States', 'coordinates': {'lat': -31.616518298610337, 'lng': 148.949971991945}};{'cc_number': '6771-8969-5764-8772'};{'plan': 'Silver', 'status': 'Active', 'payment_method': 'Visa checkout', 'term': 'Annual'}
3751;620e388e-898d-48b9-a4b6-5cf71142a70b;58YFiRaHxo;Sharice;Von;sharice.von;sharice.von@email.com;https://robohash.org/illoenimquia.png?size=300x300&set=set1;Polygender;+1-939 804.080.7843;494224546;1960-07-05;{'title': 'Marketing Coordinator', 'key_skill': 'Technical savvy'};{'city': 'Abshirebury', 'street_name': 'Monet Islands', 'street_address': '4774 Kub Estate', 'zip_code': '34270-9383', 'state': 'Indiana', 'country': 'United States', 'coordinates': {'lat': -7.624992096953335, 'lng': 23.569038756155265}};{'cc_number': '4752-4583-4798-3456'};{'plan': 'Essential', 'status': 'Active', 'payment_method': 'Money transfer', 'term': 'Payment in advance'}
8322;070cfafb-d2dd-4083-9aa3-1868bc62625d;QHaLqAIpOv;Audrey;Kris;audrey.kris;audrey.kris@email.com;https://robohash.org/magnamnecessitatibusvoluptas.png?size=300x300&set=set1;Male;+232 221.377.8979 x279;724838784;1976-12-28;{'title': 'Mining Engineer', 'key_skill': 'Proactive'};{'city': 'Gerlachchester', 'street_name': 'Ela Overpass', 'street_address': '195 Neva Villages', 'zip_code': '48685-2151', 'state': 'Arizona', 'country': 'United States', 'coordinates': {'lat': 1.4745926527909887, 'lng': 166.67952954057313}};{'cc_number': '6771-8955-9667-4926'};{'plan': 'Platinum', 'status': 'Pending', 'payment_method': 'Alipay', 'term': 'Full subscription'}
9352;4553b762-189c-4ec9-a7de-3c5c10db0cfb;AqPXz3YDNV;Stan;Hegmann;stan.hegmann;stan.hegmann@email.com;https://robohash.org/namvelimpedit.png?size=300x300&set=set1;Genderfluid;+93 224.488.7143 x939;215152000;1991-02-23;{'title': 'Principal Accounting Consultant', 'key_skill': 'Communication'};{'city': 'Sherronton', 'street_name': 'Christiansen Vista', 'street_address': '918 Von Square', 'zip_code': '96758-1200', 'state': 'Kentucky', 'country': 'United States', 'coordinates': {'lat': -67.33032204835153, 'lng': -39.070732462134316}};{'cc_number': '4931-3533-3338-0342'};{'plan': 'Business', 'status': 'Idle', 'payment_method': 'Credit card', 'term': 'Monthly'}
3571;20bc963b-e87b-4e87-9051-72f479192987;0S8GiwamAl;Dillon;Schoen;dillon.schoen;dillon.schoen@email.com;https://robohash.org/nullapraesentiumpossimus.png?size=300x300&set=set1;Non-binary;+218 (814) 725-2637 x999;982041857;1983-07-04;{'title': 'Legacy Administrator', 'key_skill': 'Communication'};{'city': 'Millschester', 'street_name': 'Vivian Ramp', 'street_address': '160 Rey Terrace', 'zip_code': '90641-7999', 'state': 'Washington', 'country': 'United States', 'coordinates': {'lat': -57.022537517568, 'lng': -35.62049720063891}};{'cc_number': '4968743065280'};{'plan': 'Basic', 'status': 'Pending', 'payment_method': 'Money transfer', 'term': 'Payment in advance'}
6383;5e379baf-008a-4b49-bbc1-b73711085d1c;vzHicyheTD;Ora;Daugherty;ora.daugherty;ora.daugherty@email.com;https://robohash.org/exnobisatque.png?size=300x300&set=set1;Bigender;+380 1-193-560-9723 x073;268895281;1962-08-01;{'title': 'Design Planner', 'key_skill': 'Confidence'};{'city': 'New Jefferson', 'street_name': 'Feest Divide', 'street_address': '78851 Larson Heights', 'zip_code': '37044-6677', 'state': 'Missouri', 'country': 'United States', 'coordinates': {'lat': -3.2772984107420626, 'lng': 46.928864679623956}};{'cc_number': '4981-6160-8754-3953'};{'plan': 'Essential', 'status': 'Idle', 'payment_method': 'Google Pay', 'term': 'Annual'}
519;32201016-9107-4908-bcef-a46f8169fc89;bMPRruz4dh;Johnie;Grant;johnie.grant;johnie.grant@email.com;https://robohash.org/quoreprehenderitdolores.png?size=300x300&set=set1;Agender;+229 (999) 761-4341 x6669;160680732;1989-10-18;{'title': 'Advertising Coordinator', 'key_skill': 'Self-motivated'};{'city': 'Goldnerville', 'street_name': 'Muller Gardens', 'street_address': '7719 Johnny Groves', 'zip_code': '76276-9600', 'state': 'Virginia', 'country': 'United States', 'coordinates': {'lat': 37.850982129919515, 'lng': 135.60850466796296}};{'cc_number': '6771-8911-6779-5521'};{'plan': 'Bronze', 'status': 'Active', 'payment_method': 'Apple Pay', 'term': 'Monthly'}
5645;bfffbc9d-1011-4e97-a668-30eec602ca92;3XyZx1JzAt;Cori;Ryan;cori.ryan;cori.ryan@email.com;https://robohash.org/utenimimpedit.png?size=300x300&set=set1;Female;+372 412-178-3837;204901276;1960-07-27;{'title': 'Marketing Consultant', 'key_skill': 'Teamwork'};{'city': 'Bruenburgh', 'street_name': 'Kovacek Stream', 'street_address': '73674 Bashirian Trafficway', 'zip_code': '20568', 'state': 'Ohio', 'country': 'United States', 'coordinates': {'lat': 60.956102770599216, 'lng': 21.971528950510134}};{'cc_number': '4826-2464-0836-6766'};{'plan': 'Diamond', 'status': 'Idle', 'payment_method': 'Debit card', 'term': 'Monthly'}
614;184c9d7d-4067-4250-8426-158a54937b4e;bp5N2oCeO7;Sidney;Marks;sidney.marks;sidney.marks@email.com;https://robohash.org/architectopraesentiumfacilis.png?size=300x300&set=set1;Female;+595 1-201-450-6602;332482546;1994-03-13;{'title': 'Lead Administration Officer', 'key_skill': 'Work under pressure'};{'city': 'Satterfieldborough', 'street_name': 'Ziemann Drive', 'street_address': '7020 Hector Center', 'zip_code': '85204', 'state': 'Kentucky', 'country': 'United States', 'coordinates': {'lat': 85.50589165962032, 'lng': 76.38003482478314}};{'cc_number': '4306-5925-9398-9246'};{'plan': 'Silver', 'status': 'Blocked', 'payment_method': 'Paypal', 'term': 'Payment in advance'}
5548;a0805f47-a743-4613-9177-2241dd5831e8;NEhia7gWop;Terrell;Ullrich;terrell.ullrich;terrell.ullrich@email.com;https://robohash.org/laborumeosdignissimos.png?size=300x300&set=set1;Polygender;+247 (616) 407-4024 x127;183667658;1976-10-02;{'title': 'Investor Real-Estate Assistant', 'key_skill': 'Self-motivated'};{'city': 'Klockoland', 'street_name': 'Mariam Throughway', 'street_address': '3186 Wuckert Passage', 'zip_code': '30359', 'state': 'Texas', 'country': 'United States', 'coordinates': {'lat': 85.33783357256488, 'lng': -168.01768391977987}};{'cc_number': '4131-1451-7583-7951'};{'plan': 'Free Trial', 'status': 'Idle', 'payment_method': 'Money transfer', 'term': 'Annual'}
6;ed6dc251-1428-49fb-88eb-947d0752c741;12Fn8hpZgB;Bill;Renner;bill.renner;bill.renner@email.com;https://robohash.org/expeditanequeamet.png?size=300x300&set=set1;Male;+30 798-058-5995 x36787;604685594;1990-06-04;{'title': 'Accounting Agent', 'key_skill': 'Leadership'};{'city': 'Jessland', 'street_name': 'Crooks Knolls', 'street_address': '597 Murphy Trail', 'zip_code': '67760', 'state': 'Alabama', 'country': 'United States', 'coordinates': {'lat': 8.755509684199893, 'lng': 1.1377623566292812}};{'cc_number': '5185-8956-6352-9054'};{'plan': 'Business', 'status': 'Blocked', 'payment_method': 'Paypal', 'term': 'Payment in advance'}
7272;6c018ffe-481d-4ca4-a1dc-011d709b8cd4;Q6FK3cCu8p;Margurite;Luettgen;margurite.luettgen;margurite.luettgen@email.com;https://robohash.org/reminvoluptates.png?size=300x300&set=set1;Female;+216 1-176-915-6551;936359090;1974-01-01;{'title': 'Construction Liaison', 'key_skill': 'Work under pressure'};{'city': 'Hermistonchester', 'street_name': 'Moore Row', 'street_address': '3254 Joshua Springs', 'zip_code': '83164', 'state': 'North Carolina', 'country': 'United States', 'coordinates': {'lat': -76.6470599668555, 'lng': 87.26442521482761}};{'cc_number': '4906319613380'};{'plan': 'Starter', 'status': 'Active', 'payment_method': 'Apple Pay', 'term': 'Payment in advance'}
4333;c6818849-0b55-4f3b-a948-e51616c52fbb;0jmpQ3eCqb;Lester;Franecki;lester.franecki;lester.franecki@email.com;https://robohash.org/nihilanimivoluptatibus.png?size=300x300&set=set1;Genderfluid;+855 503-377-2477 x9592;101404903;1998-01-01;{'title': 'Corporate Hospitality Specialist', 'key_skill': 'Leadership'};{'city': 'Kemmerport', 'street_name': 'Mohr Lock', 'street_address': '2142 Ziemann Gardens', 'zip_code': '30178', 'state': 'Texas', 'country': 'United States', 'coordinates': {'lat': 60.67508604969066, 'lng': -129.91617916179416}};{'cc_number': '4487-3806-1982-2638'};{'plan': 'Gold', 'status': 'Active', 'payment_method': 'Visa checkout', 'term': 'Annual'}
9072;6eb0d3c8-8297-47ab-a782-339bf8e3a9df;MQ9tUd0Zxy;Marcela;Hodkiewicz;marcela.hodkiewicz;marcela.hodkiewicz@email.com;https://robohash.org/quiaeterror.png?size=300x300&set=set1;Male;+221 642.418.4670 x91684;152613428;1970-09-22;{'title': 'Global IT Specialist', 'key_skill': 'Organisation'};{'city': 'Port Margaretaburgh', 'street_name': 'Marks Squares', 'street_address': '554 Randall Way', 'zip_code': '41566', 'state': 'North Dakota', 'country': 'United States', 'coordinates': {'lat': 22.979636947197832, 'lng': -158.62775085850197}};{'cc_number': '5274-3446-4759-6725'};{'plan': 'Essential', 'status': 'Pending', 'payment_method': 'Credit card', 'term': 'Full subscription'}
1932;ddba1100-94db-4bb0-be52-090305136b63;yjXHkuTKZG;Annmarie;Hansen;annmarie.hansen;annmarie.hansen@email.com;https://robohash.org/maximeperferendispraesentium.png?size=300x300&set=set1;Genderfluid;+995 436-402-3621 x9190;703786491;1992-03-30;{'title': 'Customer Mining Coordinator', 'key_skill': 'Self-motivated'};{'city': 'Lauraport', 'street_name': 'Fallon Mills', 'street_address': '384 Ronald Point', 'zip_code': '72563-4009', 'state': 'Louisiana', 'country': 'United States', 'coordinates': {'lat': 50.280555608594, 'lng': 103.39020545087368}};{'cc_number': '4652-8012-0867-2034'};{'plan': 'Gold', 'status': 'Blocked', 'payment_method': 'Cash', 'term': 'Full subscription'}
9724;185d0b8f-cd5f-4001-8c94-a45722fb3035;m5GhLjaegC;Herbert;Littel;herbert.littel;herbert.littel@email.com;https://robohash.org/eossimiliquenam.png?size=300x300&set=set1;Bigender;+47 982-988-0252 x01027;564328102;1971-05-06;{'title': 'Education Technician', 'key_skill': 'Fast learner'};{'city': 'Beckerville', 'street_name': 'Paucek Mountains', 'street_address': '6569 Teena Flats', 'zip_code': '37559-8893', 'state': 'Washington', 'country': 'United States', 'coordinates': {'lat': -28.02501400862642, 'lng': 100.75516750550395}};{'cc_number': '4945-7569-2366-6306'};{'plan': 'Professional', 'status': 'Pending', 'payment_method': 'Bitcoins', 'term': 'Annual'}
9394;3d90f127-d5e8-4d4f-a178-154392745cc4;aSnxDfHOcC;Giuseppe;Ratke;giuseppe.ratke;giuseppe.ratke@email.com;https://robohash.org/perferendismagniassumenda.png?size=300x300&set=set1;Non-binary;+249 1-314-285-9007 x614;609663190;1977-11-17;{'title': 'Future Marketing Consultant', 'key_skill': 'Problem solving'};{'city': 'Marcusville', 'street_name': 'Senger Shore', 'street_address': '52301 Cleo Walks', 'zip_code': '36403-8864', 'state': 'Iowa', 'country': 'United States', 'coordinates': {'lat': 13.42563383433584, 'lng': -33.948372751731966}};{'cc_number': '4638-8085-9199-9766'};{'plan': 'Bronze', 'status': 'Pending', 'payment_method': 'Money transfer', 'term': 'Annual'}
7571;61626ae0-ec31-4759-b29a-3e99495d9204;0CkQEcHpY8;Darnell;Botsford;darnell.botsford;darnell.botsford@email.com;https://robohash.org/quiarecusandaesapiente.png?size=300x300&set=set1;Agender;+371 315.919.5228 x2564;644762155;2005-09-19;{'title': 'Dynamic Strategist', 'key_skill': 'Technical savvy'};{'city': 'Greenfelderburgh', 'street_name': 'Strosin Divide', 'street_address': '35570 Steuber Isle', 'zip_code': '02771-2048', 'state': 'Louisiana', 'country': 'United States', 'coordinates': {'lat': 52.4808135458745, 'lng': 123.40965051600585}};{'cc_number': '4565-0044-1738-1994'};{'plan': 'Bronze', 'status': 'Blocked', 'payment_method': 'Bitcoins', 'term': 'Full subscription'}
5203;f54d671e-b3a1-4eff-aa3c-6f730bd74483;oy7al85HLh;Eddie;Hilpert;eddie.hilpert;eddie.hilpert@email.com;https://robohash.org/earumoccaecativoluptatum.png?size=300x300&set=set1;Female;+44 (500) 711-7262 x081;712496975;1958-12-05;{'title': 'Mining Consultant', 'key_skill': 'Problem solving'};"{'city': ""O'Haraland"", 'street_name': 'Leisha Trail', 'street_address': '887 Theo Forks', 'zip_code': '84083', 'state': 'New Mexico', 'country': 'United States', 'coordinates': {'lat': -22.514383400216985, 'lng': 100.59477257538816}}";{'cc_number': '6771-8970-2038-8685'};{'plan': 'Starter', 'status': 'Idle', 'payment_method': 'Credit card', 'term': 'Annual'}
6880;a173972e-4f77-4805-965d-5f7b171038cb;nfWSOm4ZbJ;Elliot;Hettinger;elliot.hettinger;elliot.hettinger@email.com;https://robohash.org/idodiosit.png?size=300x300&set=set1;Female;+971 (469) 274-7762 x1040;931074926;1978-07-02;{'title': 'Investor Mining Manager', 'key_skill': 'Leadership'};{'city': 'Durganmouth', 'street_name': 'Rosie Park', 'street_address': '2277 Karine Curve', 'zip_code': '12569-4275', 'state': 'South Dakota', 'country': 'United States', 'coordinates': {'lat': 53.379063218186275, 'lng': 68.80347723847629}};{'cc_number': '6771-8937-1514-9839'};{'plan': 'Basic', 'status': 'Idle', 'payment_method': 'WeChat Pay', 'term': 'Annual'}
2897;b8a8033e-7729-4929-98c6-a9799fca6b26;DTOM1U0gvy;Chang;Schmeler;chang.schmeler;chang.schmeler@email.com;https://robohash.org/asperioresquiet.png?size=300x300&set=set1;Agender;+1-340 1-293-155-8626;202555322;1993-03-25;{'title': 'Legacy Farming Facilitator', 'key_skill': 'Communication'};{'city': 'Ashafort', 'street_name': 'Bob Squares', 'street_address': '261 Iva Ferry', 'zip_code': '55078', 'state': 'Vermont', 'country': 'United States', 'coordinates': {'lat': 19.67399291804209, 'lng': -44.69823146592333}};{'cc_number': '4982-3200-4298-6196'};{'plan': 'Basic', 'status': 'Blocked', 'payment_method': 'Money transfer', 'term': 'Full subscription'}
2608;eddc7148-52e5-4087-85a1-84178973d25a;Wqz8MKUTS6;Kathaleen;Simonis;kathaleen.simonis;kathaleen.simonis@email.com;https://robohash.org/harumautvero.png?size=300x300&set=set1;Female;+245 (621) 274-3283 x9631;684098866;1997-02-13;{'title': 'Advertising Technician', 'key_skill': 'Proactive'};{'city': 'West Sondra', 'street_name': 'Dach Estate', 'street_address': '483 Ludie Terrace', 'zip_code': '85990', 'state': 'Arkansas', 'country': 'United States', 'coordinates': {'lat': 53.49054649444224, 'lng': 33.93470699707285}};{'cc_number': '6771-8985-2186-8456'};{'plan': 'Business', 'status': 'Idle', 'payment_method': 'Debit card', 'term': 'Annual'}
8448;cd10d32f-8aba-49fc-867f-dc4b0b0159c1;B62J8gOpAj;Larae;Cormier;larae.cormier;larae.cormier@email.com;https://robohash.org/ducimusillumaliquid.png?size=300x300&set=set1;Agender;+84 (437) 958-4681;464144773;2004-04-25;{'title': 'Internal Coordinator', 'key_skill': 'Problem solving'};{'city': 'North Imogene', 'street_name': 'Lenora Drive', 'street_address': '6303 Volkman Fork', 'zip_code': '66911', 'state': 'Minnesota', 'country': 'United States', 'coordinates': {'lat': -50.219719894905886, 'lng': 162.79198818952506}};{'cc_number': '4511072824412'};{'plan': 'Premium', 'status': 'Pending', 'payment_method': 'Credit card', 'term': 'Monthly'}
57;8208d71c-3f11-41fe-8c0c-38cb04c8a48f;TsoeEjIJ1P;Yoko;Koss;yoko.koss;yoko.koss@email.com;https://robohash.org/facerearchitectodebitis.png?size=300x300&set=set1;Non-binary;+598 552-623-9815;775322076;1993-05-01;{'title': 'Lead Developer', 'key_skill': 'Communication'};{'city': 'Quigleyfurt', 'street_name': 'Joselyn Harbor', 'street_address': '79121 Mraz Meadow', 'zip_code': '21298', 'state': 'Alabama', 'country': 'United States', 'coordinates': {'lat': -40.629551766017215, 'lng': -21.406017343488827}};{'cc_number': '5551-1618-8624-4989'};{'plan': 'Essential', 'status': 'Idle', 'payment_method': 'Apple Pay', 'term': 'Full subscription'}
9086;56bbd97a-457f-4c08-92db-8868bd09ad7f;CIqP1jB69r;Mac;Nienow;mac.nienow;mac.nienow@email.com;https://robohash.org/itaquedoloremquecorrupti.png?size=300x300&set=set1;Bigender;+381 1-759-286-7990 x9956;549876704;2001-08-23;{'title': 'Community-Services Architect', 'key_skill': 'Communication'};{'city': 'Alecberg', 'street_name': 'Neida Plain', 'street_address': '86008 Susana Burgs', 'zip_code': '08278-4145', 'state': 'Connecticut', 'country': 'United States', 'coordinates': {'lat': -26.031923781074006, 'lng': -121.37160812105715}};{'cc_number': '6771-8958-4457-9554'};{'plan': 'Starter', 'status': 'Pending', 'payment_method': 'Google Pay', 'term': 'Payment in advance'}
7871;87411189-900e-4467-98ec-66daf74a8886;cAT97V1sxl;Colton;Boyer;colton.boyer;colton.boyer@email.com;https://robohash.org/enimdebitisquia.png?size=300x300&set=set1;Bigender;+373 325-387-8039 x98615;352690077;2002-01-21;{'title': 'Forward IT Specialist', 'key_skill': 'Problem solving'};{'city': 'New Marco', 'street_name': 'Carlos Greens', 'street_address': '8203 Murphy Mission', 'zip_code': '55550', 'state': 'Maryland', 'country': 'United States', 'coordinates': {'lat': 2.671578087666191, 'lng': -43.62552992570059}};{'cc_number': '4893-9178-9553-1496'};{'plan': 'Basic', 'status': 'Pending', 'payment_method': 'Visa checkout', 'term': 'Annual'}
1918;fa094655-482e-46eb-861d-9c789efd8b93;JBAjahnSbV;Masako;Gorczany;masako.gorczany;masako.gorczany@email.com;https://robohash.org/aquiaut.png?size=300x300&set=set1;Bigender;+7-7 1-159-453-5663 x739;397549601;1977-06-18;{'title': 'IT Executive', 'key_skill': 'Problem solving'};{'city': 'Piaton', 'street_name': 'Zachariah Walk', 'street_address': '57001 Rowe Fork', 'zip_code': '38345-2384', 'state': 'Maine', 'country': 'United States', 'coordinates': {'lat': 36.32752452370512, 'lng': -98.55347816062361}};{'cc_number': '6771-8976-8926-6172'};{'plan': 'Business', 'status': 'Blocked', 'payment_method': 'Money transfer', 'term': 'Monthly'}
4815;151b62ef-9d57-4013-84e9-96d23f29b4ee;nfUIEyjgvb;Val;Lesch;val.lesch;val.lesch@email.com;https://robohash.org/idveniamea.png?size=300x300&set=set1;Female;+46 1-612-923-6606 x9723;789173994;1996-03-01;{'title': 'Internal Administration Consultant', 'key_skill': 'Networking skills'};{'city': 'New Daleneberg', 'street_name': 'Rolfson Street', 'street_address': '83572 Shelby Shores', 'zip_code': '49583', 'state': 'South Carolina', 'country': 'United States', 'coordinates': {'lat': 0.9413166096175161, 'lng': -101.28319029373147}};{'cc_number': '6771-8973-3522-0912'};{'plan': 'Basic', 'status': 'Idle', 'payment_method': 'Apple Pay', 'term': 'Full subscription'}
9124;bafd686a-b0f0-4440-88d6-df7a994676bd;pXYntQy8v1;Leigh;Parker;leigh.parker;leigh.parker@email.com;https://robohash.org/consequaturlaudantiumtenetur.png?size=300x300&set=set1;Genderqueer;+376 976.729.2633 x96720;129866836;1996-10-20;{'title': 'Community-Services Assistant', 'key_skill': 'Fast learner'};{'city': 'Aufderharhaven', 'street_name': 'Yundt Field', 'street_address': '380 Gleichner Motorway', 'zip_code': '21917-0464', 'state': 'Vermont', 'country': 'United States', 'coordinates': {'lat': 21.767737721201854, 'lng': 72.56233281511976}};{'cc_number': '6771-8967-8000-9614'};{'plan': 'Professional', 'status': 'Active', 'payment_method': 'Debit card', 'term': 'Payment in advance'}
9229;d85e578b-80bf-45ec-8dd3-a43e364495cf;TS4NDgE6Xu;Santiago;Johnson;santiago.johnson;santiago.johnson@email.com;https://robohash.org/architectoadipisciquia.png?size=300x300&set=set1;Non-binary;+809 464.863.5916 x35841;200379923;1969-08-24;{'title': 'Real-Estate Designer', 'key_skill': 'Problem solving'};{'city': 'West Rosyview', 'street_name': 'Glen Plain', 'street_address': '18955 Pansy Branch', 'zip_code': '27377', 'state': 'South Carolina', 'country': 'United States', 'coordinates': {'lat': 30.80459798373201, 'lng': -64.4477935883788}};{'cc_number': '4256787107337'};{'plan': 'Platinum', 'status': 'Idle', 'payment_method': 'Google Pay', 'term': 'Annual'}
8644;33682cb4-6d7e-4b01-80e6-8b181dc16d23;TRBprCDvX9;Stephan;Champlin;stephan.champlin;stephan.champlin@email.com;https://robohash.org/quasvitaeaccusantium.png?size=300x300&set=set1;Genderqueer;+850 (161) 178-9543 x14260;646463778;1968-01-19;{'title': 'Investor Agent', 'key_skill': 'Technical savvy'};{'city': 'South Bertfort', 'street_name': 'Chelsie Lakes', 'street_address': '2285 Jack Loaf', 'zip_code': '00380-3076', 'state': 'Massachusetts', 'country': 'United States', 'coordinates': {'lat': 81.06010669129907, 'lng': -115.74253046802464}};{'cc_number': '5228-9541-3660-1567'};{'plan': 'Essential', 'status': 'Active', 'payment_method': 'Alipay', 'term': 'Full subscription'}
2133;ca17ed0e-6b8e-4499-8d45-09d216b2c6f2;C8l2QbXv7q;Conrad;Ernser;conrad.ernser;conrad.ernser@email.com;https://robohash.org/assumendaquiharum.png?size=300x300&set=set1;Genderfluid;+886 (735) 254-6457;434977120;1989-12-09;{'title': 'Lead Marketing Supervisor', 'key_skill': 'Self-motivated'};{'city': 'Lake Boside', 'street_name': 'Schowalter Viaduct', 'street_address': '896 Hipolito Stravenue', 'zip_code': '70417', 'state': 'South Dakota', 'country': 'United States', 'coordinates': {'lat': 58.76090615027837, 'lng': -106.14561539483358}};{'cc_number': '4373529143254'};{'plan': 'Standard', 'status': 'Blocked', 'payment_method': 'Credit card', 'term': 'Monthly'}
4387;cc5dc3e2-d57b-4aba-8f9e-939f5e67e49e;LFP6pTbG7x;Trenton;Gibson;trenton.gibson;trenton.gibson@email.com;https://robohash.org/quiaoditcommodi.png?size=300x300&set=set1;Non-binary;+298 951.095.7110 x29812;749188959;1991-10-24;{'title': 'Forward Government Director', 'key_skill': 'Confidence'};{'city': 'East Blytheborough', 'street_name': 'Samual Wall', 'street_address': '63046 Minh Drive', 'zip_code': '17247-9972', 'state': 'Missouri', 'country': 'United States', 'coordinates': {'lat': 0.8229907280470456, 'lng': -33.54509414365006}};{'cc_number': '5339-3693-0410-6065'};{'plan': 'Premium', 'status': 'Blocked', 'payment_method': 'Google Pay', 'term': 'Annual'}
6239;15ef0740-f1a3-405d-aba1-ca0a46dd703c;imkqfHuOJA;Roslyn;Miller;roslyn.miller;roslyn.miller@email.com;https://robohash.org/iurenumquamsunt.png?size=300x300&set=set1;Genderqueer;+359 204.134.3666 x7977;686721895;1982-08-08;{'title': 'Future Strategist', 'key_skill': 'Communication'};{'city': 'Armandoville', 'street_name': 'Conroy Fields', 'street_address': '59859 Normand Walks', 'zip_code': '47514', 'state': 'Texas', 'country': 'United States', 'coordinates': {'lat': -3.560513889102495, 'lng': 40.12159366765408}};{'cc_number': '6771-8971-0866-6036'};{'plan': 'Silver', 'status': 'Pending', 'payment_method': 'Cheque', 'term': 'Full subscription'}
2799;6f9bf9e8-164c-4310-a889-b74f478af68a;Y5Od3EL7bU;Nilsa;Kerluke;nilsa.kerluke;nilsa.kerluke@email.com;https://robohash.org/etenimet.png?size=300x300&set=set1;Genderqueer;+675 331-704-5820 x480;950225888;1971-11-23;{'title': 'Administration Architect', 'key_skill': 'Problem solving'};{'city': 'Port Joan', 'street_name': 'Wolff Centers', 'street_address': '520 Monte Club', 'zip_code': '98858-1771', 'state': 'Nebraska', 'country': 'United States', 'coordinates': {'lat': 70.58171821933368, 'lng': 89.22822275997174}};{'cc_number': '5596-9528-1708-5419'};{'plan': 'Free Trial', 'status': 'Active', 'payment_method': 'Cheque', 'term': 'Payment in advance'}
7661;65eb3c35-9cfd-4013-a757-e18ce60aa634;ZmuSGev2yh;Sharice;Hettinger;sharice.hettinger;sharice.hettinger@email.com;https://robohash.org/quosautsit.png?size=300x300&set=set1;Non-binary;+31 506-680-4604 x29332;241501170;1993-03-26;{'title': 'Community-Services Consultant', 'key_skill': 'Self-motivated'};{'city': 'Sipesmouth', 'street_name': 'Arnette Fords', 'street_address': '4425 Ryan Forge', 'zip_code': '04374', 'state': 'Minnesota', 'country': 'United States', 'coordinates': {'lat': -29.595109013552822, 'lng': 48.268698261453636}};{'cc_number': '5144-2736-8619-6980'};{'plan': 'Business', 'status': 'Pending', 'payment_method': 'Paypal', 'term': 'Payment in advance'}
8712;b3257dde-042d-4ae4-9c48-47dc91be8f08;L8yArTokX3;Pablo;Doyle;pablo.doyle;pablo.doyle@email.com;https://robohash.org/ducimusestexercitationem.png?size=300x300&set=set1;Genderqueer;+994 (851) 808-3369 x431;305367690;1972-10-08;{'title': 'Corporate Technology Strategist', 'key_skill': 'Technical savvy'};{'city': 'New Octavioland', 'street_name': 'Hayden Loop', 'street_address': '20278 Raynor Union', 'zip_code': '22160-6969', 'state': 'Utah', 'country': 'United States', 'coordinates': {'lat': 27.17263995162294, 'lng': -12.58612907338167}};{'cc_number': '4241-9510-2443-5831'};{'plan': 'Student', 'status': 'Blocked', 'payment_method': 'Paypal', 'term': 'Monthly'}
384;6875e82a-bd51-4d54-a3b7-ff446884793e;BxgI5ydZEH;Delmar;Beahan;delmar.beahan;delmar.beahan@email.com;https://robohash.org/idnesciuntut.png?size=300x300&set=set1;Bigender;+853 (518) 109-0117 x1954;946260890;1970-10-27;{'title': 'Forward Developer', 'key_skill': 'Technical savvy'};{'city': 'Port Marica', 'street_name': 'Cheyenne Trail', 'street_address': '87113 Keenan Mission', 'zip_code': '56784-8286', 'state': 'New Hampshire', 'country': 'United States', 'coordinates': {'lat': -80.8356615496169, 'lng': -152.49271983610436}};{'cc_number': '5197-4304-7381-4995'};{'plan': 'Gold', 'status': 'Idle', 'payment_method': 'Google Pay', 'term': 'Monthly'}
6138;dfbefe5a-bc36-48ee-af5d-d4f5d2e6b720;48s7PqEMFZ;Eloy;Bruen;eloy.bruen;eloy.bruen@email.com;https://robohash.org/praesentiumcorporisquisquam.png?size=300x300&set=set1;Polygender;+45 925.933.6283;246454870;2001-10-28;{'title': 'Manufacturing Associate', 'key_skill': 'Proactive'};{'city': 'Johnstonburgh', 'street_name': 'Johnette Extension', 'street_address': '24207 Kautzer Points', 'zip_code': '72449', 'state': 'Montana', 'country': 'United States', 'coordinates': {'lat': 77.19027033615319, 'lng': 166.9181734305019}};{'cc_number': '6771-8933-3688-6322'};{'plan': 'Gold', 'status': 'Active', 'payment_method': 'Cheque', 'term': 'Monthly'}
3362;99dc1b17-1da9-4c8d-832f-aa929ee71bb0;QE0Pi6SHrb;Dylan;Treutel;dylan.treutel;dylan.treutel@email.com;https://robohash.org/siteumconsequatur.png?size=300x300&set=set1;Male;+243 488-715-5651 x77448;646928176;1972-04-12;{'title': 'Consulting Agent', 'key_skill': 'Organisation'};{'city': 'East Marilu', 'street_name': 'Nakita Garden', 'street_address': '159 Dominique Roads', 'zip_code': '56769-6516', 'state': 'North Dakota', 'country': 'United States', 'coordinates': {'lat': -1.078863705991992, 'lng': 36.98272113472001}};{'cc_number': '6771-8966-3375-0646'};{'plan': 'Standard', 'status': 'Active', 'payment_method': 'Debit card', 'term': 'Annual'}
4865;8916ac32-5062-47e4-9be3-e53fec8bda0f;V24hAmZJ0I;Javier;Watsica;javier.watsica;javier.watsica@email.com;https://robohash.org/inciduntvoluptasat.png?size=300x300&set=set1;Non-binary;+593 936.024.1978;716196704;2004-09-08;{'title': 'Marketing Designer', 'key_skill': 'Work under pressure'};{'city': 'East Maynard', 'street_name': 'Darron Shoal', 'street_address': '7458 Mafalda Lights', 'zip_code': '34217-3105', 'state': 'California', 'country': 'United States', 'coordinates': {'lat': 67.70224568005682, 'lng': 155.91415962354552}};{'cc_number': '6771-8930-7245-4152'};{'plan': 'Free Trial', 'status': 'Idle', 'payment_method': 'Debit card', 'term': 'Annual'}
6451;a230d15e-0abf-4186-ba6c-1d3462ae0d96;qcDmHhTs32;Kaylee;Hagenes;kaylee.hagenes;kaylee.hagenes@email.com;https://robohash.org/praesentiumfugiatautem.png?size=300x300&set=set1;Female;+673 888.599.6101;287032882;1989-01-30;{'title': 'Marketing Facilitator', 'key_skill': 'Leadership'};{'city': 'West Anishastad', 'street_name': 'Hackett Glen', 'street_address': '35728 Nakia Green', 'zip_code': '13097-1201', 'state': 'North Dakota', 'country': 'United States', 'coordinates': {'lat': -31.370010664313966, 'lng': 42.60640800595547}};{'cc_number': '5252-9424-9103-2303'};{'plan': 'Premium', 'status': 'Blocked', 'payment_method': 'Alipay', 'term': 'Annual'}
3965;981b7477-8ec3-454b-80bc-254a9191dd2e;k4ufN2pD71;Logan;Feeney;logan.feeney;logan.feeney@email.com;https://robohash.org/commodipraesentiumlibero.png?size=300x300&set=set1;Male;+503 457-678-2661;128245479;1986-03-17;{'title': 'Human Real-Estate Architect', 'key_skill': 'Work under pressure'};{'city': 'Sharriton', 'street_name': 'Etha Divide', 'street_address': '297 Aundrea Estate', 'zip_code': '39157-9346', 'state': 'Iowa', 'country': 'United States', 'coordinates': {'lat': 6.254609933067201, 'lng': 146.6712251137982}};{'cc_number': '5280-1913-1344-1708'};{'plan': 'Basic', 'status': 'Idle', 'payment_method': 'Cash', 'term': 'Annual'}
7911;26bffb07-c21f-4fd4-9541-5963c94b72e8;IBtwTYGXea;Eduardo;Brekke;eduardo.brekke;eduardo.brekke@email.com;https://robohash.org/accusamusquivoluptas.png?size=300x300&set=set1;Bigender;+967 681.936.9696;746117118;1999-01-03;{'title': 'Retail Liaison', 'key_skill': 'Teamwork'};{'city': 'North Vernellmouth', 'street_name': 'Jakubowski Fort', 'street_address': '225 Hallie Crossroad', 'zip_code': '69112', 'state': 'Louisiana', 'country': 'United States', 'coordinates': {'lat': 31.953047472152107, 'lng': -52.97930407389286}};{'cc_number': '4402689335192'};{'plan': 'Basic', 'status': 'Active', 'payment_method': 'Cash', 'term': 'Monthly'}
480;96d59cdf-910f-4e58-9cfe-704e2bbea529;4SmIPW5CXj;Isaac;Emard;isaac.emard;isaac.emard@email.com;https://robohash.org/omnisdoloremarchitecto.png?size=300x300&set=set1;Polygender;+218 (600) 952-3434 x07662;782995864;1997-10-14;{'title': 'Regional Agent', 'key_skill': 'Organisation'};{'city': 'Howetown', 'street_name': 'Sid Hill', 'street_address': '1342 Gerhold Heights', 'zip_code': '09215-8571', 'state': 'Mississippi', 'country': 'United States', 'coordinates': {'lat': 53.85264827020447, 'lng': -75.83055866365103}};{'cc_number': '5211-0145-1295-3428'};{'plan': 'Free Trial', 'status': 'Idle', 'payment_method': 'Google Pay', 'term': 'Full subscription'}
306;3117d11b-d41a-4e51-8214-ffd91b367755;rKUbN5gOjJ;Abraham;Lubowitz;abraham.lubowitz;abraham.lubowitz@email.com;https://robohash.org/autquisquammolestias.png?size=300x300&set=set1;Bigender;+592 483-432-1742 x390;536883127;1959-11-23;{'title': 'Customer Strategist', 'key_skill': 'Confidence'};{'city': 'Harberland', 'street_name': 'Terry Lights', 'street_address': '19101 Corey Freeway', 'zip_code': '05738-5905', 'state': 'North Carolina', 'country': 'United States', 'coordinates': {'lat': -23.059259283036567, 'lng': 159.1848511447164}};{'cc_number': '4852317077444'};{'plan': 'Starter', 'status': 'Active', 'payment_method': 'Debit card', 'term': 'Monthly'}
469;97cf909b-aa06-4662-8591-9ac1c0e33629;M0N8nUqjyw;Tommy;Emard;tommy.emard;tommy.emard@email.com;https://robohash.org/velminimaea.png?size=300x300&set=set1;Non-binary;+381 1-379-381-8634;911551984;1998-01-09;{'title': 'Future Marketing Technician', 'key_skill': 'Problem solving'};{'city': 'McDermottland', 'street_name': 'Bayer Port', 'street_address': '1490 Davis Valley', 'zip_code': '81359', 'state': 'Ohio', 'country': 'United States', 'coordinates': {'lat': 59.525584058549356, 'lng': -139.12626009975364}};{'cc_number': '4739-6354-6707-9060'};{'plan': 'Premium', 'status': 'Pending', 'payment_method': 'Apple Pay', 'term': 'Monthly'}
724;c6eec953-7fa2-4dc8-a11f-36bff87cb6d0;JKnuNdkrZx;Raleigh;Shields;raleigh.shields;raleigh.shields@email.com;https://robohash.org/vitaevoluptatelaudantium.png?size=300x300&set=set1;Genderfluid;+856 499.331.7145;112586003;1986-11-09;{'title': 'Internal Education Planner', 'key_skill': 'Teamwork'};{'city': 'West Dara', 'street_name': 'Hermann View', 'street_address': '6649 Stoltenberg Meadow', 'zip_code': '47719', 'state': 'Nevada', 'country': 'United States', 'coordinates': {'lat': -49.18697654552607, 'lng': -74.61003752849908}};{'cc_number': '4902778637630'};{'plan': 'Silver', 'status': 'Idle', 'payment_method': 'Google Pay', 'term': 'Monthly'}
2347;6c2df5fd-76ef-49ba-acba-e044f8837d5b;AwegvzLdQu;Marty;VonRueden;marty.vonrueden;marty.vonrueden@email.com;https://robohash.org/istequamnemo.png?size=300x300&set=set1;Polygender;+973 (956) 857-3934 x24540;756078077;1999-12-19;{'title': 'Legacy Technology Developer', 'key_skill': 'Fast learner'};{'city': 'Spencerland', 'street_name': 'Muller Forges', 'street_address': '18336 Stark Path', 'zip_code': '87294', 'state': 'Wisconsin', 'country': 'United States', 'coordinates': {'lat': 79.40736586712725, 'lng': 73.41372390684091}};{'cc_number': '4659579189118'};{'plan': 'Free Trial', 'status': 'Blocked', 'payment_method': 'Apple Pay', 'term': 'Payment in advance'}
4503;05dcde54-b146-4056-a280-e18521cee5ff;nou0TmlCP6;Esperanza;Mitchell;esperanza.mitchell;esperanza.mitchell@email.com;https://robohash.org/esttemporibusdistinctio.png?size=300x300&set=set1;Male;+229 901-585-6711 x6494;773801378;1972-10-20;{'title': 'Central Manufacturing Executive', 'key_skill': 'Leadership'};{'city': 'Roobville', 'street_name': 'Abernathy Ridges', 'street_address': '53676 Rogahn Cliff', 'zip_code': '28815', 'state': 'Georgia', 'country': 'United States', 'coordinates': {'lat': -45.71482637832731, 'lng': 174.09943801266104}};{'cc_number': '5143-0341-9368-7387'};{'plan': 'Business', 'status': 'Active', 'payment_method': 'Google Pay', 'term': 'Monthly'}
6295;85092a1b-60b4-426d-9299-4bd1b7296993;DZwX0sUvjf;Demetrice;Deckow;demetrice.deckow;demetrice.deckow@email.com;https://robohash.org/architectoidbeatae.png?size=300x300&set=set1;Genderfluid;+350 (307) 092-1306 x008;659765192;1991-03-21;{'title': 'Central Manager', 'key_skill': 'Confidence'};{'city': 'East Jennefer', 'street_name': 'Catherine Cape', 'street_address': '7797 Thurman Mews', 'zip_code': '11819-5460', 'state': 'North Carolina', 'country': 'United States', 'coordinates': {'lat': -34.704381608462626, 'lng': 132.1598217253923}};{'cc_number': '5194-0846-0160-1478'};{'plan': 'Platinum', 'status': 'Pending', 'payment_method': 'Credit card', 'term': 'Payment in advance'}
8933;16c2f242-3731-4e50-b21e-18aa354ce83b;NoG51O8YtT;Mariko;Hintz;mariko.hintz;mariko.hintz@email.com;https://robohash.org/dignissimosnemoquia.png?size=300x300&set=set1;Genderqueer;+962 (439) 453-1845 x69371;514212984;1982-05-31;{'title': 'Lead Education Specialist', 'key_skill': 'Leadership'};{'city': 'Steuberfort', 'street_name': 'Alecia Via', 'street_address': '993 Nena Grove', 'zip_code': '99974', 'state': 'Missouri', 'country': 'United States', 'coordinates': {'lat': -34.129620642174835, 'lng': 103.89880256872613}};{'cc_number': '6771-8953-6672-3762'};{'plan': 'Starter', 'status': 'Pending', 'payment_method': 'Cheque', 'term': 'Monthly'}
2148;980d8d59-9891-4199-9ab9-63d17ccb24b2;LXkxQFs1Bj;Manuela;Brakus;manuela.brakus;manuela.brakus@email.com;https://robohash.org/officiaaccusantiumfuga.png?size=300x300&set=set1;Genderfluid;+850 820.565.3324 x57212;381331032;1969-12-22;{'title': 'Hospitality Technician', 'key_skill': 'Self-motivated'};{'city': 'Unton', 'street_name': 'Fisher Wall', 'street_address': '95201 Hans Burgs', 'zip_code': '86197-6099', 'state': 'Kansas', 'country': 'United States', 'coordinates': {'lat': -4.552156000784535, 'lng': -150.77086411393284}};{'cc_number': '5548-0418-2186-4032'};{'plan': 'Diamond', 'status': 'Active', 'payment_method': 'Bitcoins', 'term': 'Payment in advance'}
3106;a91c0eee-fbb6-46a1-97f5-be2c826f555a;FU0wxiARLq;Tanya;Zieme;tanya.zieme;tanya.zieme@email.com;https://robohash.org/culpaetadipisci.png?size=300x300&set=set1;Male;+596 241-911-2575;512239963;1969-05-29;{'title': 'National Director', 'key_skill': 'Communication'};{'city': 'Lednerland', 'street_name': 'Wisozk Ford', 'street_address': '663 Towne Run', 'zip_code': '96722', 'state': 'Delaware', 'country': 'United States', 'coordinates': {'lat': 9.656800108625589, 'lng': 58.24482702370514}};{'cc_number': '4858559286775'};{'plan': 'Premium', 'status': 'Blocked', 'payment_method': 'Apple Pay', 'term': 'Full subscription'}
3848;e4cd1360-f4ff-400a-92e0-db124bee1aff;AV86EfpBqg;Chau;DuBuque;chau.dubuque;chau.dubuque@email.com;https://robohash.org/quiasintsed.png?size=300x300&set=set1;Genderfluid;+240 (167) 461-6801 x68572;129929782;1996-02-04;{'title': 'Marketing Producer', 'key_skill': 'Work under pressure'};{'city': 'South Vivahaven', 'street_name': 'Homenick Rapids', 'street_address': '529 Mitchell Well', 'zip_code': '48050', 'state': 'Indiana', 'country': 'United States', 'coordinates': {'lat': 36.539092763033025, 'lng': -171.924759977035}};{'cc_number': '4549670866211'};{'plan': 'Bronze', 'status': 'Pending', 'payment_method': 'Visa checkout', 'term': 'Full subscription'}
8092;660fdad1-b359-4496-b9cb-4dfd93c1a340;BfGjqdthr4;Erika;Padberg;erika.padberg;erika.padberg@email.com;https://robohash.org/officiisautrepudiandae.png?size=300x300&set=set1;Genderfluid;+691 1-497-503-1707 x282;270311285;1992-01-03;{'title': 'Investor Engineer', 'key_skill': 'Work under pressure'};{'city': 'Merrieburgh', 'street_name': 'Jolene Square', 'street_address': '454 Alline Harbor', 'zip_code': '72479-1198', 'state': 'New Mexico', 'country': 'United States', 'coordinates': {'lat': 60.51100499957872, 'lng': 49.87551818227189}};{'cc_number': '4727-6465-2767-5841'};{'plan': 'Gold', 'status': 'Pending', 'payment_method': 'Visa checkout', 'term': 'Annual'}
7118;948514cf-6d4c-4397-9a65-cd656f1159d9;4vn2LIa1gM;Rudy;Botsford;rudy.botsford;rudy.botsford@email.com;https://robohash.org/porrodoloreomnis.png?size=300x300&set=set1;Genderqueer;+1-242 610.781.7588 x443;505996801;1967-04-25;{'title': 'Future Farming Planner', 'key_skill': 'Organisation'};{'city': 'West Ronald', 'street_name': 'Clifton Corners', 'street_address': '688 Pouros Bypass', 'zip_code': '59728', 'state': 'North Dakota', 'country': 'United States', 'coordinates': {'lat': 44.00905168843906, 'lng': 31.292784263933413}};{'cc_number': '4164-3553-6340-5632'};{'plan': 'Starter', 'status': 'Idle', 'payment_method': 'Apple Pay', 'term': 'Annual'}
5816;68441014-3eeb-40ed-95c7-b7692d148ba3;MEtbolpNYW;Carin;Upton;carin.upton;carin.upton@email.com;https://robohash.org/praesentiumacum.png?size=300x300&set=set1;Female;+255 864-572-9863 x90562;196444699;1988-04-11;{'title': 'Principal Administration Planner', 'key_skill': 'Work under pressure'};{'city': 'Medhurstport', 'street_name': 'Wanda Inlet', 'street_address': '892 Friesen Fords', 'zip_code': '07107-4956', 'state': 'Kansas', 'country': 'United States', 'coordinates': {'lat': 40.99235753857971, 'lng': 166.4721420679793}};{'cc_number': '4896110038335'};{'plan': 'Gold', 'status': 'Idle', 'payment_method': 'WeChat Pay', 'term': 'Payment in advance'}
5902;a415bf48-f1df-4d73-a828-10856caf638d;sSbzRF0Ig2;Lorrine;Fritsch;lorrine.fritsch;lorrine.fritsch@email.com;https://robohash.org/voluptatesuntlaudantium.png?size=300x300&set=set1;Polygender;+968 (101) 063-3534 x56450;225840305;1963-12-02;{'title': 'Internal Marketing Facilitator', 'key_skill': 'Networking skills'};{'city': 'Kunzehaven', 'street_name': 'Katrina Coves', 'street_address': '95640 Milton Landing', 'zip_code': '20836', 'state': 'Delaware', 'country': 'United States', 'coordinates': {'lat': 1.016794276741706, 'lng': 58.77835164783997}};{'cc_number': '4536160206875'};{'plan': 'Starter', 'status': 'Idle', 'payment_method': 'Visa checkout', 'term': 'Annual'}
1403;a7144da9-1fa8-4171-8a13-84e0d6c39240;AcBJ5n7RyE;Dennis;Orn;dennis.orn;dennis.orn@email.com;https://robohash.org/quiutvoluptates.png?size=300x300&set=set1;Polygender;+66 491-715-2363;183575968;1992-10-28;{'title': 'International Farming Administrator', 'key_skill': 'Problem solving'};{'city': 'Jamarshire', 'street_name': 'Schaden Village', 'street_address': '85306 Buster Key', 'zip_code': '17884-7231', 'state': 'Indiana', 'country': 'United States', 'coordinates': {'lat': -79.69084590836181, 'lng': 81.62554753940418}};{'cc_number': '4764256814655'};{'plan': 'Bronze', 'status': 'Blocked', 'payment_method': 'WeChat Pay', 'term': 'Full subscription'}
9397;a08077f3-6621-40f1-b3d8-dfbea746fb73;bDvAOLp9c3;Julie;Hagenes;julie.hagenes;julie.hagenes@email.com;https://robohash.org/etsuscipitmolestiae.png?size=300x300&set=set1;Genderfluid;+57 (500) 917-1153 x3152;560529299;2004-09-05;{'title': 'Human Advertising Planner', 'key_skill': 'Communication'};{'city': 'North Solomonburgh', 'street_name': 'Tona Bridge', 'street_address': '92991 Stiedemann Falls', 'zip_code': '40873', 'state': 'Pennsylvania', 'country': 'United States', 'coordinates': {'lat': -74.06976644045615, 'lng': -14.596798126319612}};{'cc_number': '6771-8919-2208-7255'};{'plan': 'Standard', 'status': 'Active', 'payment_method': 'WeChat Pay', 'term': 'Annual'}
6901;a645d2c0-ebf3-4680-83a7-1814f35dc1f2;P1e2jiuwKq;Kareem;Rempel;kareem.rempel;kareem.rempel@email.com;https://robohash.org/voluptasestqui.png?size=300x300&set=set1;Genderqueer;+886 722.525.9145 x3017;221985088;1960-08-26;{'title': 'Principal Hospitality Manager', 'key_skill': 'Work under pressure'};{'city': 'North Maira', 'street_name': 'Adrian Burgs', 'street_address': '78727 Estelle Alley', 'zip_code': '85268', 'state': 'Virginia', 'country': 'United States', 'coordinates': {'lat': -30.345119799114066, 'lng': 69.96382818056952}};{'cc_number': '4332-6664-0229-6189'};{'plan': 'Standard', 'status': 'Active', 'payment_method': 'Cheque', 'term': 'Payment in advance'}
8824;aa57aaac-4731-41f3-9d9c-7772dc3f333c;W3fn7KOZVE;Mariano;Zemlak;mariano.zemlak;mariano.zemlak@email.com;https://robohash.org/aliassequiullam.png?size=300x300&set=set1;Non-binary;+381 849-615-0226;376136974;2001-12-10;{'title': 'Retail Manager', 'key_skill': 'Fast learner'};{'city': 'Lake Alphonseside', 'street_name': 'Spinka Parkways', 'street_address': '775 Helga Plains', 'zip_code': '40492-5530', 'state': 'Vermont', 'country': 'United States', 'coordinates': {'lat': -85.69148505824496, 'lng': 103.22404502063068}};{'cc_number': '4283-9419-3369-5087'};{'plan': 'Platinum', 'status': 'Pending', 'payment_method': 'Cheque', 'term': 'Annual'}
1576;0b888502-42c3-4619-b725-2811527cbdd2;Bw3XqDAeL1;George;Leffler;george.leffler;george.leffler@email.com;https://robohash.org/doloribusomnisesse.png?size=300x300&set=set1;Agender;+596 1-998-227-8202 x0503;233834787;1976-08-19;{'title': 'Government Engineer', 'key_skill': 'Networking skills'};{'city': 'East Clifton', 'street_name': 'Shiela Inlet', 'street_address': '6340 Hickle Spring', 'zip_code': '49159-5985', 'state': 'Wyoming', 'country': 'United States', 'coordinates': {'lat': 11.222938968362598, 'lng': -141.32707754968465}};{'cc_number': '6771-8972-9706-9018'};{'plan': 'Free Trial', 'status': 'Active', 'payment_method': 'Apple Pay', 'term': 'Monthly'}
421;00ecfe30-4c56-4123-be8a-8d3a69e496de;uso5vjzaLM;Julius;Schroeder;julius.schroeder;julius.schroeder@email.com;https://robohash.org/estearumet.png?size=300x300&set=set1;Non-binary;+244 (596) 781-6158 x42610;592370951;1985-06-11;{'title': 'Product Agent', 'key_skill': 'Technical savvy'};{'city': 'Tomekamouth', 'street_name': 'Janene Grove', 'street_address': '99840 Hartmann Stream', 'zip_code': '67213', 'state': 'New Jersey', 'country': 'United States', 'coordinates': {'lat': 17.833102494153422, 'lng': 39.154640494185514}};{'cc_number': '5437-9713-9481-5918'};{'plan': 'Student', 'status': 'Blocked', 'payment_method': 'Apple Pay', 'term': 'Payment in advance'}
5328;b8c880c8-bfa7-47bb-88ab-46ef9b96d8ed;vhBgbuZiL8;Elton;Larson;elton.larson;elton.larson@email.com;https://robohash.org/estsuntexpedita.png?size=300x300&set=set1;Non-binary;+855 534-484-9584 x4664;652761123;1964-11-26;{'title': 'Principal Facilitator', 'key_skill': 'Fast learner'};{'city': 'Port Keeshaside', 'street_name': 'Joy Burg', 'street_address': '950 Daryl Isle', 'zip_code': '45434', 'state': 'Mississippi', 'country': 'United States', 'coordinates': {'lat': -62.333122234015136, 'lng': 94.7994014945881}};{'cc_number': '4893-8447-9949-2106'};{'plan': 'Student', 'status': 'Idle', 'payment_method': 'Bitcoins', 'term': 'Annual'}
6581;0552ae0d-c769-445c-a79e-b9baa401dea5;6Ee5nLBdVS;Idalia;Bartell;idalia.bartell;idalia.bartell@email.com;https://robohash.org/perspiciatisquasiquia.png?size=300x300&set=set1;Non-binary;+375 1-195-327-7606 x29320;978354710;1974-07-18;{'title': 'Regional Technology Planner', 'key_skill': 'Organisation'};{'city': 'East Dominicville', 'street_name': 'Rex Center', 'street_address': '4547 Morton Walks', 'zip_code': '67914', 'state': 'California', 'country': 'United States', 'coordinates': {'lat': 83.31891942215566, 'lng': -158.71028137450395}};{'cc_number': '5112-7822-6326-5388'};{'plan': 'Professional', 'status': 'Idle', 'payment_method': 'Bitcoins', 'term': 'Payment in advance'}
9114;f2902447-61df-44c6-b8e5-399596d295e4;54g9spiYle;Roselle;O'Keefe;roselle.o'keefe;roselle.o'keefe@email.com;https://robohash.org/debitisquosbeatae.png?size=300x300&set=set1;Polygender;+84 (768) 707-1386;960048825;1978-06-16;{'title': 'Technology Executive', 'key_skill': 'Problem solving'};{'city': 'West Minerva', 'street_name': 'Quinn Landing', 'street_address': '162 Claude Glen', 'zip_code': '56582', 'state': 'South Carolina', 'country': 'United States', 'coordinates': {'lat': -26.733398065599317, 'lng': -51.018771313969125}};{'cc_number': '4815-1377-7157-6987'};{'plan': 'Standard', 'status': 'Active', 'payment_method': 'Cheque', 'term': 'Full subscription'}
8491;cfced795-2a6d-4329-8137-eb5f2811b29e;VFQP34SDqN;Jodi;Jakubowski;jodi.jakubowski;jodi.jakubowski@email.com;https://robohash.org/laborumametofficiis.png?size=300x300&set=set1;Genderfluid;+224 1-726-051-5978 x3182;556737047;1974-09-19;{'title': 'Legacy Consulting Supervisor', 'key_skill': 'Confidence'};{'city': 'Thielton', 'street_name': 'Verdell Greens', 'street_address': '6990 Bartoletti Meadow', 'zip_code': '84687-3913', 'state': 'Oregon', 'country': 'United States', 'coordinates': {'lat': -64.58429715785618, 'lng': -44.550762700866784}};{'cc_number': '6771-8968-5550-9993'};{'plan': 'Silver', 'status': 'Pending', 'payment_method': 'Google Pay', 'term': 'Payment in advance'}
3328;d637398c-9bb6-4dd3-bd7d-922f14a64710;QmeVtx9DMC;Frances;Oberbrunner;frances.oberbrunner;frances.oberbrunner@email.com;https://robohash.org/etdolorumrerum.png?size=300x300&set=set1;Bigender;+212 1-405-738-8352;778983791;1984-01-06;{'title': 'Advertising Officer', 'key_skill': 'Networking skills'};{'city': 'Reynaldoshire', 'street_name': 'Kerluke Crossing', 'street_address': '15240 Bergstrom Lodge', 'zip_code': '56744', 'state': 'Maine', 'country': 'United States', 'coordinates': {'lat': -5.641292631321505, 'lng': 65.62893898106876}};{'cc_number': '5386-5613-6944-2904'};{'plan': 'Basic', 'status': 'Pending', 'payment_method': 'Apple Pay', 'term': 'Payment in advance'}
2785;1c474db1-2511-4ba0-9975-11e30998cf93;twjIZFvAne;Tracey;Paucek;tracey.paucek;tracey.paucek@email.com;https://robohash.org/autsitvel.png?size=300x300&set=set1;Female;+974 263.562.9594;164383234;1992-09-29;{'title': 'Chief Retail Executive', 'key_skill': 'Technical savvy'};{'city': 'East Ceola', 'street_name': 'Janna Plaza', 'street_address': '85908 Kutch Stream', 'zip_code': '00917-2137', 'state': 'Iowa', 'country': 'United States', 'coordinates': {'lat': -35.45315758364182, 'lng': -62.510323315623964}};{'cc_number': '4935810284557'};{'plan': 'Premium', 'status': 'Pending', 'payment_method': 'Money transfer', 'term': 'Annual'}
6776;0050c61b-5f6b-49cd-a9ff-03a8f3dc7f09;9HDdWeSgJU;Michiko;Stehr;michiko.stehr;michiko.stehr@email.com;https://robohash.org/assumendaetrepellat.png?size=300x300&set=set1;Genderqueer;+681 (314) 017-2253 x48002;716133566;1992-09-18;{'title': 'Healthcare Manager', 'key_skill': 'Proactive'};{'city': 'Lake Tyeshaside', 'street_name': 'Elvie Terrace', 'street_address': '4365 Waelchi Prairie', 'zip_code': '69008', 'state': 'New Mexico', 'country': 'United States', 'coordinates': {'lat': 25.34695322451077, 'lng': 151.4419181074834}};{'cc_number': '5115-5692-8828-0030'};{'plan': 'Business', 'status': 'Pending', 'payment_method': 'Cash', 'term': 'Full subscription'}
2896;911a4062-992d-42fc-b267-59462a9df31f;KMfD4Llch9;Jen;Koelpin;jen.koelpin;jen.koelpin@email.com;https://robohash.org/abcommodiea.png?size=300x300&set=set1;Genderqueer;+1-268 739-954-0206 x66334;419867627;1982-08-27;{'title': 'Internal Education Designer', 'key_skill': 'Networking skills'};{'city': 'Lennyville', 'street_name': 'Coral Lakes', 'street_address': '87742 Stiedemann Green', 'zip_code': '59165-9501', 'state': 'Delaware', 'country': 'United States', 'coordinates': {'lat': -28.761361920220104, 'lng': 106.80089281507657}};{'cc_number': '6771-8974-2863-2833'};{'plan': 'Business', 'status': 'Idle', 'payment_method': 'WeChat Pay', 'term': 'Full subscription'}
9207;7fa895a4-dc50-41af-9a4d-9407a1f981bf;ETDVglzycS;Efrain;Rutherford;efrain.rutherford;efrain.rutherford@email.com;https://robohash.org/autemfugitid.png?size=300x300&set=set1;Agender;+216 1-508-423-0649 x307;978580561;1989-03-31;{'title': 'IT Facilitator', 'key_skill': 'Self-motivated'};{'city': 'West Weldon', 'street_name': 'Jenkins Mall', 'street_address': '7947 Billie Manors', 'zip_code': '45670', 'state': 'Maine', 'country': 'United States', 'coordinates': {'lat': 57.003207018465474, 'lng': 45.54255541181789}};{'cc_number': '6771-8976-3722-3739'};{'plan': 'Professional', 'status': 'Blocked', 'payment_method': 'Credit card', 'term': 'Full subscription'}
5935;74491afd-c438-46b0-af80-19bb5e94ef21;Kb5gQapv6U;Pierre;Spencer;pierre.spencer;pierre.spencer@email.com;https://robohash.org/omnisculpaet.png?size=300x300&set=set1;Bigender;+266 799.338.5717;371272782;2001-08-25;{'title': 'Forward Marketing Architect', 'key_skill': 'Problem solving'};{'city': 'East Stephenside', 'street_name': 'Jake Squares', 'street_address': '189 Weissnat Roads', 'zip_code': '63246', 'state': 'Montana', 'country': 'United States', 'coordinates': {'lat': -20.448760254672166, 'lng': 105.8579001282726}};{'cc_number': '4969788447052'};{'plan': 'Free Trial', 'status': 'Active', 'payment_method': 'Google Pay', 'term': 'Monthly'}
9889;63a4f7fe-5f56-49fd-ad58-f3afdacb9905;B2y1v4GjUL;Ladawn;Klocko;ladawn.klocko;ladawn.klocko@email.com;https://robohash.org/adipiscisuscipitquisquam.png?size=300x300&set=set1;Female;+66 (824) 869-1827 x304;188046767;1983-06-18;{'title': 'Internal Associate', 'key_skill': 'Problem solving'};{'city': 'Dodieview', 'street_name': 'Labadie Mountain', 'street_address': '3753 Corwin Coves', 'zip_code': '21732-4270', 'state': 'South Carolina', 'country': 'United States', 'coordinates': {'lat': -39.52996064511229, 'lng': -21.610731311937172}};{'cc_number': '4640-6082-9218-4643'};{'plan': 'Silver', 'status': 'Pending', 'payment_method': 'Cheque', 'term': 'Full subscription'}
